title,composer,origin,project,year,artist,publisher,venue_date,spotify,youtube,filename,genres,album,albumcover
s Morgens vroeg,Van Nueten,theatre piece,Of Mice and Men,2003,,,,,,/audio/'s Morgens vroeg.mp3,"Pop,Stage,Song,Live",,
2 gitaren,Van Nueten,musical theatre,Maria Magdalena,2008,,,,,,/audio/2 gitaren.mp3,"Pop,Stage,Electronic",,
2 meisjes,Dendooven-Van Nueten,musical,Soepkinders,2005,"Verheest, Gevaert, Sondervan",,"CC Hasselt, Belgium, 20-04-2005",https://www.youtube.com/watch?v=RHDp-JtUdgQ&t=0s&list=PLsmvutRI5QqW9uZ-ru8GQwx5J0aX3okce&index=2,https://youtu.be/RHDp-JtUdgQ,/audio/2 meisjes.mp3,"Electronic,Stage,Minimal",,
A Trip Too Far,Bolland,,,2009,C.J. Bolland,Wikkid Records,,,,/audio/A Trip Too Far.mp3,"Pop,Song,Electronic",500€ Coctail,
Aar en Bie,Van Nueten,,,,Vanity Project (2015),,,,,/audio/Aar en Bie.mp3,"Electronic,Pop,Rock",,
Adagio niet in B,Van Nueten,,,2009,,Bolli Records/62TV,,http://open.spotify.com/album/4b2FoYktxPW5nfuDBLFMWP,https://www.youtube.com/watch?v=FrGCu0xZhLA&index=2&list=PLsmvutRI5QqUYkIcZoK0iDImB7G4cgisR&t=0s,/audio/Adagio niet in B.mp3,"Piano,Contemporary",Merg,/albumcovers/Merg.webp
Afraid Impro,Menotti-Van Nueten,opera,The Medium,2014,Guy Van Nueten,,,,https://www.youtube.com/watch?v=TWs8CxdQaag&list=PLsmvutRI5QqVag3gFUD6wu2jh0pIHaczE&index=6,/audio/Afraid Impro.mp3,"Piano,Contemporary,Stage",,
Afraid,Giancarlo Menotti (1911-2007),opera,The Medium,2014,Guy Van Nueten,,,,,/audio/Afraid.mp3,"Contemporary,Piano,Stage",,
After Midnight,J.J.Cale,,,2003,Tom Barman & Guy Van Nueten,Universal,"Stadsschouwburg, Rotterdam,  Netherlands, 5-04-2002",,https://www.youtube.com/watch?v=MYBx-BY1Nrg,/audio/After Midnight1.mp3,"Live,Pop,Song",Live,/albumcovers/Live.webp
After Midnight,J.J.Cale,,,2003,Tom Barman & Guy Van Nueten,Universal,"Stadsschouwburg, Rotterdam,  Netherlands, 5-04-2002",,https://www.youtube.com/watch?v=MYBx-BY1Nrg,/audio/After Midnight2.mp3,"Live,Pop,Song",Live,/albumcovers/Live.webp
Agressie,Van Nueten,,,2009,,Bolli Records/62TV,,http://open.spotify.com/album/4b2FoYktxPW5nfuDBLFMWP,,/audio/Agressie.mp3,Piano,Merg,/albumcovers/Merg.webp
Alibies,Van Laere,,,2003,Admiral Freebee,Universal,,,,/audio/Alibies 1.mp3,"Song,Pop",Admiral Freebee,
Alibies,Van Laere,,,2003,Admiral Freebee,Universal,,,,/audio/Alibies 2.mp3,"Song,Pop",Admiral Freebee,
All I Need,Hirsch-Dunckel-Godin,,,,Lara Chedraoui & Guy Van Nueten,,"Concertstudio, 17 dec.2012, Kortrijk, Belgium",,https://youtu.be/iOUc_pwyPUc,/audio/All I Need.mp3,"Live,Pop,Song",,
Annie,Deneckere,,,1993,The Pink Flowers,Boom! Records,,,,/audio/Annie1.mp3,"Song,Pop",Blind Man's Son,
Annie,Deneckere,,,1993,The Pink Flowers,Boom! Records,,,,/audio/Annie2.mp3,"Song,Pop",Blind Man's Son,
Another Parasite,Van Nueten,feature film,Night Has Come,2018,,,,,,/audio/Another Parasite.mp3,"Electronic,Film,Minimal",,
Appetite,Stuyven,,,2002,Daan,Tracks,,,,/audio/Appetite1.mp3,"Pop,Song,Electronic",Bridge Burner,
Appetite,Stuyven,,,2002,Daan,Tracks,,,,/audio/Appetite2.mp3,"Pop,Song,Electronic",Bridge Burner,
April & June,Van Nueten,,,1996,The Sands,Megadisc/MCA,,https://open.spotify.com/album/2giDtITRyuhroPK9YWQuMr,,/audio/April & June 1.mp3,"Pop,Song",…And Other True Stories,/albumcovers/…And Other True Stories.webp
April & June,Van Nueten,,,1996,The Sands,Megadisc/MCA,,https://open.spotify.com/album/2giDtITRyuhroPK9YWQuMr,,/audio/April & June 2.mp3,"Pop,Song",…And Other True Stories,/albumcovers/…And Other True Stories.webp
Avaritia,Van Nueten,musical theatre,De 7 hoofdzonden,2009,"7 celli, directed by Katelijn Van Kerckhoven",,,,,/audio/Avaritia 1.mp3,"Contemporary,Orchestral,Stage",,
Ax,Van Nueten,advertisement,X,2008,,,,,,/audio/Axa 1.mp3,Film,,
Ax,Van Nueten,advertisement,X,2008,,,,,,/audio/Axa 2.mp3,Film,,
Babysitteuse Dub,Van Nueten,feature film,Pulsar,2010,"Wauters, Gevaert, Van Nueten",,,,,/audio/Babysitteuse Dub.mp3,"Pop,Electronic,Song,Film",,
,,,,,,,,,,/audio/Bach IV 2.mp3,"Piano,Old Styles",Merg,/albumcovers/Merg.webp
,,,,,,,,,,/audio/Bach IV.mp3,"Piano,Old Styles",Merg,/albumcovers/Merg.webp
Scratch my Back,Slim Harpo (1924-1970),,,,44 Rave,,"Rodeofest, Spiegeltent 28-07-2012 Antwerp, Belgium",,,/audio/Backscratcher.mp3,"Live,Rock,Pop,Song",,
Bad Timing extension,dEUS,fashion show,Dries Van Noten,2007,Guy Van Nueten & dEUS,,,,,/audio/Bad Timing extension 1.mp3,"Contemporary,Piano,Stage",,
Balalaika's,Van Nueten,dance performance,bâche,2005,,Lowlands,,https://open.spotify.com/album/7ftzIX71VNmGxtOEN905VF,,/audio/Balalaika's 1.mp3,"Contemporary,Electronic,Stage,Minimal",bâche,/albumcovers/bâche.webp
Balalaika's,Van Nueten,dance performance,bâche,2005,,Lowlands,,https://open.spotify.com/album/7ftzIX71VNmGxtOEN905VF,,/audio/Balalaika's 2.mp3,"Contemporary,Electronic,Stage",bâche,/albumcovers/bâche.webp
Barcelona Loop,Van Nueten,musical,Soepkinders,2005,"Verheest, Gevaert, Sondervan",,,,,/audio/Barcelona Loop.mp3,"Electronic,Stage",,
Bearded Men,Criscietello-Van Nueten,,,,Vanity Project (2017),,,,,/audio/Bearded Men 2.mp3,"Electronic,Pop",,
Bearded Men,Criscietello-Van Nueten,,,,Vanity Project (2017),,,,,/audio/Bearded Men 3.mp3,"Electronic,Pop",,
Bearded Men,Criscietello-Van Nueten,,,,Vanity Project (2017),,,,,/audio/Bearded Men 4.mp3,"Electronic,Pop",,
Bearded Men,Criscietello-Van Nueten,,,,Vanity Project (2017),,,,,/audio/Bearded Men.mp3,"Electronic,Pop",,
Beer,Pawlowski-Deweze-Houben,,,1999,Mitsoobsishy Jacson,Heavenhotel,,,,/audio/Beer1.mp3,"Song,Pop",Boys Together Outrageously,
Beer,Pawlowski-Deweze-Houben,,,1999,Mitsoobsishy Jacson,Heavenhotel,,,,/audio/Beer2.mp3,"Song,Pop",Boys Together Outrageously,
Between The Bars,Elliott Smith,,,,Lara Chedraoui & Guy Van Nueten,,"Concertstudio, 17 dec.2012, Kortrijk, Belgium",,,/audio/Between The Bars.mp3,"Live,Pop,Song",,
Bevrijd Ons van het Nationalisme,Gevaert-Van Nueten,,,,Vanity Project,,"Bar du Matin, 25-10-2015, Bozar Brussels, Belgium",,https://youtu.be/jrIqkGmiDyc,/audio/Bevrijd Ons van het Nationalisme.mp3,"Rock,Live,Pop",,
Bird of Death,Van Nueten,musical theatre,Solitary Confinement,2013,,,,,,/audio/Bird of Death Intro.mp3,"Electronic,Stage,Minimal",,
Bird of Death,Van Nueten,musical theatre,Solitary Confinement,2013,,,,,,/audio/Bird of Death Outro.mp3,"Electronic,Stage,Minimal",,
Black Swan,Giancarlo Menotti (1911-2007),opera,The Medium,2014,,,,,,/audio/Black Swan.mp3,"Electronic,Classical,Contemporary,Stage",,
Boots,Stuyven,,,1999,Daan,Heavenhotel,,,,/audio/Boots.mp3,"Pop,Song,Electronic",Profools,
Botermelk,Dendooven-Van Nueten,musical,Soepkinders,2005,Charlotte Vandermeersch & The Soup Group,,"CC Kortrijk, Belgium, 28-04-2005",,https://www.youtube.com/watch?v=a6PiRxzfTN4&t=0s&index=5&list=PLsmvutRI5QqW9uZ-ru8GQwx5J0aX3okce,/audio/Botermelk.mp3,"Electronic,Stage,Song,Live",,
Boudewijn,Van Nueten,feature film,Ex-Drummer,2006,Guy Van Nueten & Kirke String Quartet,,,,https://www.youtube.com/watch?v=PO6pE0ughXo&list=PLsmvutRI5QqVag3gFUD6wu2jh0pIHaczE&index=5&t=0s,/audio/Boudewijn.mp3,"Old Styles,Contemporary,Film",,
Box-Shaped Lullaby,Deweze,,,2002,Sukilove,Hidden Agenda Records,,,,/audio/Box-Shaped Lullaby.mp3,"Electronic,Pop",,
Brand and his Dad,Van Nueten,feature film,Milo,2012,"Milo Chamber Orchestra, directed by Dirk De Caluwé",,,, ,/audio/Brand en zn Pa sample.mp3,"Old Styles,Contemporary,Orchestral,Film",,
Bridge Burner,Stuyven,,,2002,Daan,Tracks,,,,/audio/Bridge Burner.mp3,"Pop,Song,Electronic",Bridge Burner,
Bruxelles Circulation,Van Nueten,silent movie collection,"Bruxelles, Ville en Images",2014,,Royal Film Archive of Belgium,,,https://www.youtube.com/watch?v=TWs8CxdQaag&list=PLsmvutRI5QqVag3gFUD6wu2jh0pIHaczE&index=6,/audio/Bruxelles Circulation.mp3,"Piano,Contemporary,Film","Bruxelles, Ville en Images",
Ca c'est Bruxelles,Van Nueten,silent movie collection,"Bruxelles, Ville en Images",2014,,Royal Film Archive of Belgium,,,,/audio/Ca c'est Bruxelles1.mp3,"Piano,Contemporary,Film","Bruxelles, Ville en Images",
Ca c'est Bruxelles,Van Nueten,silent movie collection,"Bruxelles, Ville en Images",2014,,Royal Film Archive of Belgium,,,,/audio/Ca c'est Bruxelles2.mp3,"Piano,Contemporary,Film","Bruxelles, Ville en Images",
Cabb,Van Nueten,dance performance,Import/Export,2006,,,,,,/audio/Cabb 1.mp3,"Electronic,Stage",,
Caitlin's Trampoline,Van Nueten,,,,,Bolli Records,,https://open.spotify.com/album/3IcFBuAA3PzwjU4D5kjDic,,/audio/Caitlin's Trampoline (orch).mp3,"Piano,Orchestral,Film,Contemporary",Pacman,/albumcovers/Pacman.webp
Caitlin's Trampoline,Van Nueten,feature film,Milo,2013,"Milo Chamber Orchestra, directed by Dirk De Caluwé",Bolli Records,,https://open.spotify.com/album/1Vg5cBNN2v9HX4tqOscQPe,,/audio/Caitlin's Trampoline.mp3,"Piano,Classical,Contemporary",Music for a Small Orchestra,/albumcovers/Music for a Small Orchestra.webp
Can't Ya Hear Me Cryin',Howlin' Wolf (1910-1976),,,,44 Rave,,"Rodeofest, Spiegeltent 28-07-2012 Antwerp, Belgium",,,/audio/Can't You Hear Me Cryin'.mp3,"Live,Rock,Pop,Song",,
Candy,Vanderhaeghen-Van Nueten,,,1995,The Sands,Megadisc/MCA,,https://open.spotify.com/album/3rTmrfPsQhsAroP66BYpdY,,/audio/Candy.mp3,"Song,Pop",The Sands,/albumcovers/The Sands.webp
Carrousel,Van Nueten,musical,Soepkinders,2005,,,,,,/audio/Carrousel.mp3,"Electronic,Contemporary",,
Change,Vanderhaeghen-Van Nueten,,,1995,The Sands,Megadisc/MCA,,https://open.spotify.com/album/3rTmrfPsQhsAroP66BYpdY,,/audio/Change.mp3,"Song,Pop",The Sands,/albumcovers/The Sands.webp
Cleaning,Van Nueten,dance performance,bâche,2005,,Lowlands,,https://open.spotify.com/album/7ftzIX71VNmGxtOEN905VF,https://www.youtube.com/watch?v=apEQQeDlGb8&index=3&list=PLsmvutRI5QqW9uZ-ru8GQwx5J0aX3okce,/audio/Cleaning 1.mp3,"Contemporary,Electronic,Stage",bâche,/albumcovers/bâche.webp
Cleaning,Van Nueten,dance performance,bâche,2005,,Lowlands,,https://open.spotify.com/album/7ftzIX71VNmGxtOEN905VF,https://www.youtube.com/watch?v=apEQQeDlGb8&index=3&list=PLsmvutRI5QqW9uZ-ru8GQwx5J0aX3okce,/audio/Cleaning 2.mp3,"Contemporary,Electronic,Stage",bâche,/albumcovers/bâche.webp
Contact I. Contact,Van Nueten,,,2018,,Sony Classical,,,,/audio/Contact I. Contact.mp3,"Piano,Classical,Contemporary",Contact,/albumcovers/Contact.webp
Contact II. Largo,Van Nueten,,,2018,,Sony Classical,,,,/audio/Contact II. Largo.mp3,"Piano,Classical,Contemporary",Contact,/albumcovers/Contact.webp
Contact III. Sudden and Unexpected Return of the Pacman,Van Nueten,,,2018,,Sony Classical,,https://open.spotify.com/track/2qJAHXQE03V3xWgovsAZb3?si=20188bba054b4fec,,/audio/Contact III Sudden and Unexpected Return of the Pacman1.mp3,"Piano,Classical,Contemporary",Contact,/albumcovers/Contact.webp
Contact III. Sudden and Unexpected Return of the Pacman,Van Nueten,,,2018,,Sony Classical,,https://open.spotify.com/track/2qJAHXQE03V3xWgovsAZb3?si=20188bba054b4fec,,/audio/Contact III Sudden and Unexpected Return of the Pacman1.mp3,"Piano,Classical,Contemporary",Contact,/albumcovers/Contact.webp
Contact IV. More Contact,Van Nueten,,,2018,,Sony Classical,,https://open.spotify.com/track/7GV5gSskOVAbcJVDiHkxCI?si=9d26f44512e64588,,/audio/Contact IV More Contact.mp3,"Piano,Classical,Contemporary",Contact,/albumcovers/Contact.webp
Convertible Chaos,Stuyven,,,1999,Daan,Heavenhotel,,,,/audio/Convertible Chaos.mp3,"Pop,Song,Electronic",Profools,
Corporate,Van Nueten,advertisement,X,2007,"Vanhamel, Gevaert, Van Nueten, Van den Berghe",,,,,/audio/Corporate 1.mp3,Film,,
Corporate,Van Nueten,advertisement,X,2007,"Vanhamel, Gevaert, Van Nueten, Van den Berghe",,,,,/audio/Corporate 2.mp3,Film,,
Corpus Christi Carol,Traditional/Benjamin Britten,dance performance,bâche,2005,Guy Van Nueten & Steve Dugardin,Lowlands,,https://open.spotify.com/album/7ftzIX71VNmGxtOEN905VF,,/audio/Corpus Christi Carol 1.mp3,"Song,Old,Styles,Stage,Minimal",bâche,/albumcovers/bâche.webp
Cream Routine,Van Nueten,feature film,Milo,2015,"Milo Chamber Orchestra, directed by Dirk De Caluwé",Bolli Records,,https://open.spotify.com/album/1Vg5cBNN2v9HX4tqOscQPe,https://youtu.be/yqXOFqS3XTk,/audio/Cream Routine1.mp3,"Piano,Orchestral,Film,Contemporary",Music for a Small Orchestra,/albumcovers/Music for a Small Orchestra.webp
Cream Routine,Van Nueten,feature film,Milo,2015,"Milo Chamber Orchestra, directed by Dirk De Caluwé",Bolli Records,,https://open.spotify.com/album/1Vg5cBNN2v9HX4tqOscQPe,https://youtu.be/yqXOFqS3XTk,/audio/Cream Routine2.mp3,"Piano,Orchestral,Film,Contemporary",Music for a Small Orchestra,/albumcovers/Music for a Small Orchestra.webp
Cry,Bolland,,,2009,C.J. Bolland,Wikkid Records,,,,/audio/Cry.mp3,"Pop,Song,Electronic",500€ Coctail,
Crystalised,Qureshi - Smith - Sim - Croft,,,,Lara Chedraoui & Guy Van Nueten,,"Concertstudio, 17 dec.2012, Kortrijk, Belgium",,https://www.youtube.com/watch?v=ZQ7RoQQQgCk&list=PLsmvutRI5QqVAtTHtjBok8u454gCRGtPJ&index=2,/audio/Crystalised.mp3,"Live,Pop,Song",,
Dansstudie II,Van Nueten,composition assignment,,1999,"Van Calster, Mertens, Van Bulck",,"De Singel, Antwerp, Belgium, 31-04-2000",,,/audio/Dansstudie II 1.mp3,"Contemporary,Live",,
Dansstudie II,Van Nueten,composition assignment,,1999,"Van Calster, Mertens, Van Bulck",,"De Singel, Antwerp, Belgium, 31-04-2000",,,/audio/Dansstudie II 2.mp3,"Contemporary,Live",,
Dansstudie II,Van Nueten,composition assignment,,1999,"Van Calster, Mertens, Van Bulck",,"De Singel, Antwerp, Belgium, 31-04-2000",,,/audio/Dansstudie II 3.mp3,"Contemporary,Live",,
Dansstudie II,Van Nueten,composition assignment,,1999,"Van Calster, Mertens, Van Bulck",,"De Singel, Antwerp, Belgium, 31-04-2000",,,/audio/Dansstudie II 4.mp3,"Contemporary,Live",,
Darkscape,Van Nueten,feature film,Milo,2015,"Milo Chamber Orchestra, directed by Dirk De Caluwé",Bolli Records,,https://open.spotify.com/album/1Vg5cBNN2v9HX4tqOscQPe,,/audio/Darkscape.mp3,"Film,Orchestral,Contemporary",Music for a Small Orchestra,/albumcovers/Music for a Small Orchestra.webp
Chairdance,Van Nueten,dance performance,Solitary Confinement,2013,,,,,,/audio/David+Chairdance1.mp3,"Electronic,Minimal,Stage",,/albumcovers/WIRED_EP(3kx3k).jpg
Chairdance,Van Nueten,dance performance,Solitary Confinement,2013,,,,,,/audio/David+Chairdance2.mp3,"Electronic,Minimal,Stage",,/albumcovers/DECENT MUSIC_VINYL_DEF_LETTERS(72DPI) copy.jpg
De Beste Componist is de Dode Componist,Van Nueten,,,2013,,Bolli Records,,https://open.spotify.com/album/3IcFBuAA3PzwjU4D5kjDic,,/audio/De Beste Componist is de Dode Componist.mp3,"Piano,Classical,Contemporary",Pacman,/albumcovers/Pacman.webp
De Droom,Van Nueten,,,2009,,Bolli Records/62TV,,http://open.spotify.com/album/4b2FoYktxPW5nfuDBLFMWP,,/audio/De Droom.mp3, ,Merg,/albumcovers/Merg.webp
De Vadertjes,Dendooven-Van Nueten,musical,Soepkinders,2005,"Charlotte Vandermeersch, Gert Jochems & The Soup Group",,"CC Kortrijk, Belgium, 28-04-2005",,,/audio/De Vadertjes.mp3,"Song,Pop,Stage,Live,Classical",,
Death Of Neon,Barman-Bolland,,,2014,Magnus,Caroline/Universal,,,,/audio/Death Of Neon3.mp3,"Pop,Song,Electronic",Where Neon Goes To Die,
Death of Neon,Barman-Bolland,,,2014,Magnus,Caroline/Universal,,,,/audio/Death of Neon1.mp3,"Pop,Song,Electronic,pop,song,electronic",,
Death of Neon,Barman-Bolland,,,2014,Magnus,Caroline/Universal,,,,/audio/Death of Neon2 (256kbps).mp3,"Pop,Song,Electronic",Where Neon Goes To Die,
Diabo do Belho,Traditonal-Van Nueten,,,2007,"Octopus Chamber Choir, directed by Bart Van Reyn",,,,,/audio/Diabo do Belho.mp3,"Stage,Traditional,Orchestral",,
Diabo do Belho,Traditonal-Van Nueten,,,2007,"Octopus Chamber Choir, directed by Bart Van Reyn",,,,,/audio/Diabo do Belho1.mp3,"Old Styles,Contemporary,Song,Orchestral,Stage",,
Diabo do Belho,Traditonal-Van Nueten,,,2007,"Octopus Chamber Choir, directed by Bart Van Reyn",,,,,/audio/Diabo do Belho2.mp3,"Old Styles,Contemporary,Stage",,
DiscoMisdaadAfraid,Van Nueten,musical theatre,The Medium,2014,,,,,,/audio/DiscoMisdaadAfraid1.mp3,"Electronic,Pop,Stage",,
DiscoMisdaadAfraid,Van Nueten,musical theatre,The Medium,2014,,,,,,/audio/DiscoMisdaadAfraid2.mp3,"Electronic,Stage",,
Dit is Oorlog!,Van Nueten,puppet theatre,t Beest,2000,,,,,,/audio/Dit is Oorlog! 1.mp3,"Electronic,Pop,Stage",,
Divina Commedia,Van Nueten,musical theatre,De 7 hoofdzonden,2009,"7 celli, directed by Katelijn Van Kerckhoven",,,,,/audio/Divina Commedia 1.mp3,"Classical,Contemporary,Orchestral",,
Divina Commedia,Van Nueten,musical theatre,De 7 hoofdzonden,2009,"7 celli, directed by Katelijn Van Kerckhoven",,,,,/audio/Divina Commedia1.mp3,"Contemporary,Orchestral,Stage",,
Doe de Doodlig,Van Nueten,musical,Soepkinders,2005,"Charlotte Vandermeersch, Gert Jochems & The Soup Group",,"CC Kortrijk, Belgium, 28-04-2005",,,/audio/Doe de Doodlig.mp3,"Live,Stage,Song,Contemporary",,
Doll Parts,Courtney Love,,,,Lara Chedraoui & Guy Van Nueten,,"Concertstudio, 17 dec.2012, Kortrijk, Belgium",,,/audio/Doll Parts.mp3,"Live,Pop,Song",,
Dolor Y Pasión I. Trop is Teveel,Van Nueten,,,2018,,Sony Classical,,,,/audio/Dolor Y Pasión I Trop is Teveel1.mp3,"Piano,Classical,Contemporary",Contact,/albumcovers/Contact.webp
Dolor Y Pasión I. Trop is Teveel,Van Nueten,,,2018,,Sony Classical,,,,/audio/Dolor Y Pasión I Trop is Teveel2.mp3,"Piano,Classical,Contemporary",Contact,/albumcovers/Contact.webp
Dolor Y Pasión II. Les Papillons,Van Nueten,,,2018,,Sony Classical,,,,/audio/Dolor Y Pasión II Les Papillons1.mp3,"Piano,Classical,Contemporary",Contact,/albumcovers/Contact.webp
Dolor Y Pasión II. Les Papillons,Van Nueten,,,2018,,Sony Classical,,,,/audio/Dolor Y Pasión II Les Papillons2.mp3,"Piano,Classical,Contemporary",Contact,/albumcovers/Contact.webp
Dolor y Pasión II. Les Papillons (demo version),Van Nueten,,,,2016,,,,,/audio/Dolor y Pasión II. Les Papillons (demo version).mp3,"Piano,Solo,Classical,Contemporary",Contact,/albumcovers/Contact.webp
Donny Boy,Criscietello-Van Nueten,,,,Vanity Project,,"CC Brass, 13-04-2017, Forest, Belgium",,https://youtu.be/OrCGmgMmejQ,/audio/Donny Boy1.mp3,"Electronic,Song,Pop,Rock,Live",,
Donny Boy,Criscietello-Van Nueten,,,,Vanity Project,,"CC Brass, 13-04-2017, Forest, Belgium",,https://youtu.be/OrCGmgMmejQ,/audio/Donny Boy2.mp3,"Electronic,Song,Pop,Rock,Live",,
Drops,Van Nueten,musical theatre,Solitary Confinement,2013,,,,,,/audio/Drops.mp3,"Electronic,Stage,Minimal",,
Drops,Van Nueten,musical theatre,Solitary Confinement,2013,,,,,,/audio/Drops2.mp3,"Electronic,Stage,Minimal",,
Durch Brüssel,Van Nueten,silent movie collection,"Bruxelles, Ville en Images",2014,,Royal Film Archive of Belgium,,,,/audio/Durch Brüssel.mp3,"Piano,Old Styles,Contemporary,Film","Bruxelles, Ville en Images",
Durch Brüssel,Van Nueten,silent movie collection,"Bruxelles, Ville en Images",2014,,Royal Film Archive of Belgium,,,,/audio/Durch Brüssel2.mp3,"Piano,Old Styles,Contemporary,Film","Bruxelles, Ville en Images",
Dysfunctional Family Climax,Van Nueten,feature film,Milo,2015,"Milo Chamber Orchestra, directed by Dirk De Caluwé",Bolli Records,,https://open.spotify.com/album/1Vg5cBNN2v9HX4tqOscQPe,https://www.youtube.com/watch?v=C_d0ArG29QM&index=3&list=PLsmvutRI5QqVag3gFUD6wu2jh0pIHaczE,/audio/Dysfunctional Family Climax.mp3,"Contemporary,Orchestral,Film",Music for a Small Orchestra,/albumcovers/Music for a Small Orchestra.webp
Dysfunctional Family Climax,Van Nueten,feature film,Milo,,"Milo Chamber Orchestra, directed by Dirk De Caluwé",Bolli Records,,https://open.spotify.com/album/1Vg5cBNN2v9HX4tqOscQPe,https://www.youtube.com/watch?v=C_d0ArG29QM&index=3&list=PLsmvutRI5QqVag3gFUD6wu2jh0pIHaczE,/audio/Dysfunctional Family Climax1.mp3,"Contemporary,Orchestral,Film",Music for a Small Orchestra,/albumcovers/Music for a Small Orchestra.webp
Dysfunctional Family Theme,Van Nueten,feature film,Milo,2015,Guy Van Nueten,Bolli Records,,https://open.spotify.com/album/1Vg5cBNN2v9HX4tqOscQPe,,/audio/Dysfunctional Family Theme.mp3,"Contemporary,Electronic,Minimal,Film",Music for a Small Orchestra,/albumcovers/Music for a Small Orchestra.webp
Een Andere Droom,Van Nueten,,,2013,,Bolli Records,,https://open.spotify.com/album/3IcFBuAA3PzwjU4D5kjDic,,/audio/Een Andere Droom.mp3,"Piano,Classical,Contemporary",Pacman,/albumcovers/Pacman.webp
Eindeloze Reverb,Van Nueten,musical theatre,Maria Magdalena,2008,,,,,,/audio/Eindeloze Reverb.mp3,"Electronic,Stage,Contemporary,Film",,
Epiloog,Van Nueten,documentary,Epilogue,2010,,,,,https://youtu.be/URW_plh3d9g,/audio/Epiloog (Begingeneriek).mp3,"Piano,Old Styles,Contemporary,Film",,
Epiloog,Van Nueten,documentary,Epilogue,2010,,,,,https://youtu.be/URW_plh3d9g,/audio/Epiloog.mp3,"Piano,Old Styles,Contemporary,Film",,
Epiloog,Van Nueten,documentary,Epilogue,2010,,,,,https://youtu.be/URW_plh3d9g,/audio/Epiloog2.mp3,"Piano,Neo-classical,Film",,
Eva,Van Nueten,,,2009,,Bolli Records/62TV,,http://open.spotify.com/album/4b2FoYktxPW5nfuDBLFMWP,,/audio/Eva 1.mp3, ,Merg,/albumcovers/Merg.webp
Eva,Van Nueten,,,2009,,Bolli Records/62TV,,http://open.spotify.com/album/4b2FoYktxPW5nfuDBLFMWP,,/audio/Eva 2.mp3, ,Merg,/albumcovers/Merg.webp
Everybody's Weird,Barman-Ward,,,1999,dEUS,Island,,,,/audio/Everybody's Weird.mp3,"Song,Pop",The Ideal Crash,
Fed-Up,Criscietello-Van Nueten,,,,Vanity Project (2016),,,,,/audio/Fed-Up 1.mp3,"Electronic,Pop",,
Fed-Up,Criscietello-Van Nueten,,,,Vanity Project (2016),,,,,/audio/Fed-Up 2.mp3,"Electronic,Pop",,
Générique de Fin,Van Nueten,feature film,Pulsar,2010,Mauro Pawlovski & Guy Van Nueten,,,,,/audio/Fin du Générique de Fin.mp3,"Electronic,Film,Minimal",,
Fireproof,Stuyven,,,2002,Daan,Tracks,,,,/audio/Fireproof1.mp3,"Pop,Song,Electronic",Bridge Burner,
Fireproof,Stuyven,,,2002,Daan,Tracks,,,,/audio/Fireproof2.mp3,"Pop,Song,Electronic",Bridge Burner,
Firewall,Van Nueten,feature film,Pulsar,2010,,,,,,/audio/Firewall.mp3,"Piano,Film,Minimal",,
Folklore,Anonymous-Van Nueten,dance performance,bâche,2005,,Lowlands,,http://open.spotify.com/track/4vgj8WGDqpjJNeia8v4a1V,,/audio/Folklore 1.mp3,"Electronic,Pop,Stage",bâche,/albumcovers/bâche.webp
Ford Mustang,Van Nueten,theatre piece,Of Mice and Men,2003,Jur van der Lecq & Guy Van Nueten,,,,,/audio/Ford Mustang.mp3,"Pop,Stage",,
Fruit Tree,Nick Drake,,,,"Tom Barman, Guy Van Nueten & The Royal Flemish Philharmonic",,"Concertgebouw, 16-11-2002, Bruges, Belgium",,,/audio/Fruit Tree 1.mp3,"Song,Orchestral,Pop,Live",,
Fruit Tree,Nick Drake,,,,"Tom Barman, Guy Van Nueten & The Royal Flemish Philharmonic",,"Concertgebouw, 16-11-2002, Bruges, Belgium",,,/audio/Fruit Tree 2.mp3,"Song,Orchestral,Pop,Live",,
Fuel,Stuyven,,,2002,Daan,Tracks,,,,/audio/Fuel1.mp3,"Pop,Song,Electronic",Bridge Burner,
Fuel,Stuyven,,,2002,Daan,Tracks,,,,/audio/Fuel2.mp3,"Pop,Song,Electronic",Bridge Burner,
GarageElectroEnnioSurf,Gevaert-Van Nueten,,,,Vanity Project (2015),,,,,/audio/GarageElectroEnnioSurf.mp3,"Rock,Pop",,
Garden of Weeds,Vanhamel,,,2008,Tim Vanhamel,,"StuBru Club 69,Brussels, Belgium, 14-11-2008",,,/audio/Garden of Weeds.mp3,"Live,Pop,Song",,
Gentle Creature,Van Nueten,short movie,Gentle Creature,2009,"Solists of the Flemish Opera, directed by Bart Van Reyn",,,,,/audio/Gentle Creature 1.mp3,"Contemporary,Film,Orchestral",,
Gentle Creature,Van Nueten,short movie,Gentle Creature,2009,"Solists of the Flemish Opera, directed by Bart Van Reyn",,,,,/audio/Gentle Creature 2.mp3,"Contemporary,Film,Orchestral",,
Générique,Van Nueten,documentary,Raoul Servais: Mémoires d'un Artisan,2017,,,,,,/audio/Générique de Fin1.mp3,"Electronic,Orchestral,Film",,
Générique,Van Nueten,documentary,Raoul Servais: Mémoires d'un Artisan,2017,,,,,,/audio/Générique de Fin2.mp3,"Electronic,Orchestral,Film",,
Goeie Golf,Van Nueten,dance performance,Import/Export,2006,,,,,,/audio/Goeie Golf 1.mp3,"Electronic,Film",,
Gooi Weg Die Schone Jeugd,Van Nueten,musical theatre,Merg,2006,,,,,,/audio/Gooi Weg Die Schone Jeugd 1.mp3,"Electronic,Contemporary,Pop,Stage",,
Gooi Weg Die Schone Jeugd,Van Nueten,musical theatre,Merg,2006,,,,,,/audio/Gooi Weg Die Schone Jeugd 2.mp3,"Electronic,Contemporary,Pop,Stage",,
Grain of Sand,Vanderhaeghen-Van Nueten,,,1996,The Sands,Megadisc/MCA,,https://open.spotify.com/album/2giDtITRyuhroPK9YWQuMr,,/audio/Grain of Sand.mp3,"Pop,Song",…And Other True Stories,/albumcovers/…And Other True Stories.webp
Guillaume et Guy,Guillaume Lekeu (1870-1894),documentary,Le Choix de Peindre: Vincent van Gogh,2014,Guy Van Nueten,,,,,/audio/Guillaume et Guy.mp3,"Electronic,Orchestral,Film",,
Happy Family,Van Nueten,advertisement,X,2008,,,,,,/audio/Happy Family.mp3,"Electronic,Film",,
Happy Family,Van Nueten,advertisement,X,2008,,,,,,/audio/Happy Family2.mp3,"Electronic,Film",,
Hark! The E'ching Air,Settle (1648-1724)/Purcell (1659-1695),dance performance,bâche,2005,Guy Van Nueten & Steve Dugardin,Lowlands,,https://open.spotify.com/album/7ftzIX71VNmGxtOEN905VF,,/audio/Hark! The E'ching Air.mp3,"Song,Old Styles,Stage",bâche,/albumcovers/bâche.webp
Harry Irene,Captain Beefheart,,,2003,Tom Barman & Guy Van Nueten,Universal,"Stadsschouwburg, Rotterdam,  Netherlands, 5-04-2002",,,/audio/HarryIrene.mp3,"Live,Pop,Song",Live,/albumcovers/Live.webp
Helende Loop,Gevaert-Van Nueten,,,,Vanity Project (2015),,,,,/audio/Helende Loop.mp3,"Rock,Pop",,
Hello Quincy,Van Nueten,,,,Vanity Project (2015),,,,,/audio/Hello Quincy.mp3,"Rock,Pop",,
Here Let My Life,Cowley (1618-1667)/Purcell (1659-1695),dance performance,bâche,2005,Guy Van Nueten & Steve Dugardin,Lowlands,,https://open.spotify.com/album/7ftzIX71VNmGxtOEN905VF,,/audio/Here Let My Life 1.mp3,"Song,Old Styles,Stage",bâche,/albumcovers/bâche.webp
Hey Babe,Vanderhaeghen-Van Nueten,,,1995,The Sands,Megadisc/MCA,,https://open.spotify.com/album/3rTmrfPsQhsAroP66BYpdY,,/audio/Hey Babe 1.mp3,"Song,Pop",The Sands,/albumcovers/The Sands.webp
Hey Babe,Vanderhaeghen-Van Nueten,,,1995,The Sands,Megadisc/MCA,,https://open.spotify.com/album/3rTmrfPsQhsAroP66BYpdY,,/audio/Hey Babe 2.mp3,"Song,Pop",The Sands,/albumcovers/The Sands.webp
HipHop 'The Fucker',Van Nueten,musical theatre,Solitary Confinement,2013,,,,,,/audio/HipHop 'The Fucker'.mp3,"Electronic,Pop,Stage",,
,,,,,,,,,,/audio/Holltone.mp3,"Electronic,Stage,Minimal",,
How Many More Years,Howlin' Wolf (1910-1976),,,,44 Rave,,"Rodeofest, Spiegeltent 28-07-2012 Antwerp, Belgium",,,/audio/How Many More Years.mp3,"Rock,Live,Pop",,
Hulde aan Dimitri (demo version),Van Nueten,,,,2016,,,,,/audio/Hulde aan Dimitri (demo version).mp3,"Piano,Classical,Contemporary",,
Hulde aan Dimitri,Van Nueten,,,2018,,Sony Classical,,,,/audio/Hulde aan Dimitri.mp3,"Piano,Classical,Contemporary,Stage",Contact,/albumcovers/Contact.webp
Hungry Again,Vanderhaeghen-Van Nueten,,,1996,The Sands,Megadisc/MCA,,https://open.spotify.com/album/2giDtITRyuhroPK9YWQuMr,,/audio/Hungry Again 1.mp3,"Pop,Song",…And Other True Stories,/albumcovers/…And Other True Stories.webp
Hungry Again,Vanderhaeghen-Van Nueten,,,1996,The Sands,Megadisc/MCA,,https://open.spotify.com/album/2giDtITRyuhroPK9YWQuMr,,/audio/Hungry Again 2.mp3,"Pop,Song",…And Other True Stories,/albumcovers/…And Other True Stories.webp
I Want You Too,Van Nueten,,,,Vanity Project (2015),,,,,/audio/I Want You Too.mp3,"Live,Pop,Song",,
I'm on My Way,Traditional,,,,Gregory Frateur & Guy Van Nueten,,"PXL, Hasselt, Belgium, 27-11-2011",,https://youtu.be/JM99feHBVAI,/audio/I'm on My Way.mp3,"Electronic,Pop,Rock",,
Iplus,Van Nueten,advertisement,X,2008,,,,,https://www.youtube.com/watch?v=5i5Plps7Rlw,/audio/IPlus.mp3,"Electronic,Film",,
Include Me Out,Barman,,,2005,dEUS,Universal/V2,,,https://www.youtube.com/watch?v=TuaHvkAA5ng&index=3&list=PLsmvutRI5QqVv8IcilXTBLp_msLxgoiBg,/audio/Include Me Out1.mp3,"Song,Pop",Pocket Revolution,
Include Me Out,Barman,,,2005,dEUS,Universal/V2,,,https://www.youtube.com/watch?v=TuaHvkAA5ng&index=3&list=PLsmvutRI5QqVv8IcilXTBLp_msLxgoiBg,/audio/Include Me Out2.mp3,"Song,Pop",Pocket Revolution,
Inevitable Conclusion,Van Nueten,feature film,Milo,2015,"Milo Chamber Orchestra, directed by Dirk De Caluwé",Bolli Records,,https://open.spotify.com/album/1Vg5cBNN2v9HX4tqOscQPe,,/audio/Inevitable Conclusion.mp3,"Piano,Orchestral,Film,Contemporary",Music for a Small Orchestra,/albumcovers/Music for a Small Orchestra.webp
Interludium,Van Nueten,puppet theatre,'t Beest,2000,,,,,,/audio/Interludium 2 1.mp3,"Electronic,Stage",,
Into The Woods (alt version),Van Nueten,short movie,Gentle Creature,2009,"Solists of the Flemish Opera, directed by Bart Van Reyn",,,,,/audio/Into The Woods (alt version.mp3,"Contemporary,Film,Orchestral",,
Into The Woods,Van Nueten,short movie,Gentle Creature,2009,"Solists of the Flemish Opera, directed by Bart Van Reyn",,,,,/audio/Into the Woods.mp3,"Contemporary,Orchestral,Film",,
Intrigue,Carlens,,,2009,Zita Swoon,Chicaree Records,,,,/audio/Intrigue 1.mp3,"Song,Pop","To Play, To Dream, To Drift, An Anthology",
Intrigue,Carlens,,,2009,Zita Swoon,Chicaree Records,,,,/audio/Intrigue 2.mp3,"Song,Pop","To Play, To Dream, To Drift, An Anthology",
Intrigue,Carlens,,,2009,Zita Swoon,Chicaree Records,,,,/audio/Intrigue 3.mp3,"Song,Pop","To Play, To Dream, To Drift, An Anthology",
Thuiskomst,Van Nueten,feature film,Milo,2012,"Milo Chamber Orchestra, directed by Dirk De Caluwé",,,,,/audio/Intro thuiskomst.mp3,"Old Styles,Contemporary,Orchestral,Film",,
Inventio 13,J.S. Bach (1685-1750),,,2013,,Bolli Records,,https://open.spotify.com/album/3IcFBuAA3PzwjU4D5kjDic,https://youtu.be/cotY2Cb6bIw,/audio/Inventio 13.mp3,"Piano,Old Styles",Pacman,/albumcovers/Pacman.webp
Inventio 6,J.S. Bach (1685-1750),,,2009,Guy Van Nueten,Bolli Records/62TV,,http://open.spotify.com/album/4b2FoYktxPW5nfuDBLFMWP,,/audio/Inventio 6.mp3,"Piano,Baroque,Old Styles",Merg,/albumcovers/Merg.webp
Iokanan 14,Van Nueten,musical theatre,Maria Magdalena,2008,,,,,,/audio/Iokanan 14.mp3,"Electronic,Pop,Stage",,
Iokanan 18,Van Nueten,musical theatre,Maria Magdalena,2008,,,,,,/audio/Iokanan 18.mp3,"Electronic,Stage,Minimal",,
,,,,,,,,,,/audio/Iokanan 2.mp3,"Electronic,Stage,Minimal",,
Iokanan 7A,Van Nueten,musical theatre,Maria Magdalena,2008,,,,,,/audio/Iokanan 7A.mp3,"Electronic,Contemporary,Stage,Minimal",,
Iokanan 8,Van Nueten,musical theatre,Maria Magdalena,2008,,,,,,/audio/Iokanan 8.mp3,"Electronic,Film,Minimal",,
Isomorfie Nr.2 -  I. Voorspel,Van Nueten,,,2013,,Bolli Records,,https://open.spotify.com/album/3IcFBuAA3PzwjU4D5kjDic,,/audio/Isomorfie Nr.2.mp3,"Piano,Old Styles,Contemporary",Pacman,/albumcovers/Pacman.webp
Isomorfie Nr.3 -  II. Afrikaans Allegro,Van Nueten,,,2018,,Sony Classical,,,,/audio/Isomorfie nr.3 II Afrikaans Allegro.mp3,"Piano,Old Styles,Contemporary",Contact,/albumcovers/Contact.webp
Isomorfie Nr3 - III. Middeleeuws Naspel,Van Nueten,,,2018,,Sony Classical,,,,/audio/Isomorfie nr3 III Middeleeuws Naspel.mp3,"Piano,Old Styles,Contemporary,Baroque",Contact,/albumcovers/Contact.webp
It's not the Drug,Vanhamel,,,,Tim Vanhamel,,"StuBru Club 69,Brussels, Belgium, 14-11-2008",,,/audio/It's not the Drug1.mp3,"Live,Pop,Song",,
It's not the Drug,Vanhamel,,,,Tim Vanhamel,,"StuBru Club 69,Brussels, Belgium, 14-11-2008",,,/audio/It's not the Drug2.mp3,"Live,Pop,Song",,
Jaguar,Van Nueten,short movie,Jaguar,2003,,,,,,/audio/Jaguar 1.mp3,"Pop,Film",,
Josephine Baker,Vanderhaeghen-Van Nueten,,,1996,The Sands,Megadisc/MCA,,https://open.spotify.com/album/2giDtITRyuhroPK9YWQuMr,,/audio/Josephine Baker.mp3,"Pop,Song",…And Other True Stories,/albumcovers/…And Other True Stories.webp
Klaaglied (demo version),Van Nueten,feature film,Night Has Come,2017,,,,,,/audio/Klaaglied.mp3,"Piano,Contemporary,Film",,
Korte Metaalstudie,Van Nueten,,,2013,,Bolli Records,,https://open.spotify.com/album/3IcFBuAA3PzwjU4D5kjDic,,/audio/Korte Metaalstudie.mp3,"Old Styles,Contemporary,Metal",Pacman,/albumcovers/Pacman.webp
Kristine,Vanderhaeghen-Van Nueten,,,1995,The Sands,Megadisc/MCA,,https://open.spotify.com/album/3rTmrfPsQhsAroP66BYpdY,,/audio/Kristine 1.mp3,"Pop,Song",The Sands,/albumcovers/The Sands.webp
Kristine,Vanderhaeghen-Van Nueten,,,1995,The Sands,Megadisc/MCA,,https://open.spotify.com/album/3rTmrfPsQhsAroP66BYpdY,,/audio/Kristine 2.mp3,"Pop,Song",The Sands,/albumcovers/The Sands.webp
La Vie Continue,Van Nueten,documentary,Raoul Servais: Mémoires d'un Artisan,2017,,,,,,/audio/La Vie Continue.mp3,"Piano,Contemporary,Film",,
Laat Me Nu Toch Niet Alleen,Carlos Avila,,,,Gregory Frateur & Guy Van Nueten,,"PXL, Hasselt, Belgium, 27-11-2011",,,/audio/Laat Me Nu Toch Niet Alleen.mp3,"Live,Pop,Song",,
Lalalàla,Van Nueten,puppet theatre,'t Beest,2000,,,,,,/audio/Lalalàla 1.mp3,"Electronic,Stage",,
Le Poinçonneur des Lilas,Serge Gainsbourg,,,,"Tom Barman, Guy Van Nueten & The Royal Flemish Philharmonic",,"Concertgebouw, 16-11-2002, Bruges, Belgium",,,/audio/Le Poinçonneur des Lilas 1.mp3,"Song,Orchestral,Pop,Live",,
Le Poinçonneur des Lilas,Serge Gainsbourg,,,,"Tom Barman, Guy Van Nueten & The Royal Flemish Philharmonic",,"Concertgebouw, 16-11-2002, Bruges, Belgium",,,/audio/Le Poinçonneur des Lilas 2.mp3,"Song,Orchestral,Pop,Live",,
Le Poinçonneur des Lilas,Serge Gainsbourg,,,,"Tom Barman, Guy Van Nueten & The Royal Flemish Philharmonic",,"Concertgebouw, 16-11-2002, Bruges, Belgium",,,/audio/Le Poinçonneur des Lilas 3.mp3,"Song,Orchestral,Pop,Live",,
Le Poinçonneurs des Lilas,Serge Gainsbourg,,,2003,Tom Barman & Guy Van Nueten,Universal,"Stadsschouwburg, Rotterdam,  Netherlands, 5-04-2002",,https://www.youtube.com/watch?v=meza1krff88,/audio/Le Poinçonneurs des Lilas (duo).mp3,"Live,Pop,Song",Live,/albumcovers/Live.webp
Leer Mij Dansen,Van Nueten,puppet theatre,t Beest,2000,,,,,,/audio/Leer Mij Dansen.mp3,"Electronic,Pop",,
Lento Pacifico (demo version),Van Nueten,,,,2016,,,,,/audio/Lento Pacifico (demo version).mp3,"Piano,Classical,Contemporary",Lento Pacifico,/albumcovers/Lento Pacifico.webp
Lento Pacifico,Van Nueten,,,2018,,Sony Classical,,https://open.spotify.com/album/3LMaYpcxWHrzwaQoN7C8KH,,/audio/Lento Pacifico.mp3,"Piano,Classical,Contemporary",Contact,/albumcovers/Contact.webp
Lichtlied,Dendooven-Van Nueten,musical,Soepkinders,2005,"Tine Embrechts, Simone Milsdochter & The Soup Group",,"CC Kortrijk, Belgium, 28-04-2006",,,/audio/Lichtlied.mp3,"Pop,Old Styles,Stage,Song,Live",,
Lied van de Fee,Dendooven-Van Nueten,musical,Het Takkenkind,2010,Tine Embrechts & Guy Van Nueten,,,,,/audio/Lied van de Fee.mp3,"Live,Pop,Song",,
Little Girl Blue,Rodgers-Hart,,,,Gregory Frateur & Guy Van Nueten,,"PXL, Hasselt, Belgium, 27-11-2011",,,/audio/Little Girl Blue.mp3,"Live,Pop,Song",,
Living The Way You Should,Vanhamel,,,2008,Tim Vanhamel,PIAS,,,https://www.youtube.com/watch?v=zrNPOb1K8Fg&t=0s&index=3&list=PLsmvutRI5QqVv8IcilXTBLp_msLxgoiBg,/audio/Living The Way You Should1.mp3,"Song,Pop",Welcome to the Blue House,
Living The Way You Should,Vanhamel,,,2008,Tim Vanhamel,PIAS,,,https://www.youtube.com/watch?v=zrNPOb1K8Fg&t=0s&index=3&list=PLsmvutRI5QqVv8IcilXTBLp_msLxgoiBg,/audio/Living The Way You Should2.mp3,"Song,Pop",Welcome to the Blue House,
Love,Vanderhaeghen-Van Nueten,,,1996,The Sands,Megadisc/MCA,,https://open.spotify.com/album/3rTmrfPsQhsAroP66BYpdY,,/audio/Love.mp3, ,…And Other True Stories,/albumcovers/…And Other True Stories.webp
Lullaby,Vanderhaeghen-Van Nueten,,,2009,The Sands,Megadisc/MCA,,https://open.spotify.com/album/2giDtITRyuhroPK9YWQuMr,,/audio/Lullaby 1.mp3,"Song,Pop",The Sands,/albumcovers/The Sands.webp
Lullaby,Vanderhaeghen-Van Nueten,,,2009,The Sands,Megadisc/MCA,,https://open.spotify.com/album/2giDtITRyuhroPK9YWQuMr,,/audio/Lullaby 2.mp3,"Song,Pop",The Sands,/albumcovers/The Sands.webp
Magritte,Van Nueten,documentary,Raoul Servais: Mémoires d'un Artisan,2017,,,,,,/audio/Magritte.mp3,"Electronic,Pop,Film",,
Maria Klimop,Dendooven-Van Nueten,musical,Soepkinders,2004,Gert Jochems & The Soup Group,,"CC Kortrijk, Belgium, 28-04-2006",,,/audio/Maria Klimop.mp3,"Pop,Stage,Song,Live",,
Maurice,Van Nueten,feature film,Pulsar,2010,,,,,,/audio/Maurice (korter).mp3,"Piano,Film",,
Maurice,Van Nueten,feature film,Pulsar,2010,,,,,,/audio/Maurice.mp3,"Piano,Film",,
Meester Luc,Van Nueten,,,2007,Little Graduates & Guy Van Nueten,,"Kleuterschool 'Het Beertje', Antwerp, Belgium, June 2007",,,/audio/Meester Luc.mp3,"Pop,Stage,Live",,
Memory of a Free Festival,David Bowie,,,2003,Tom Barman & Guy Van Nueten,Universal,"Stadsschouwburg, Amsterdam, Netherlands, 16-02-2002",,,/audio/Memory of a Free Festival.mp3,"Live,Pop,Song",Live,/albumcovers/Live.webp
Merg Var II,Van Nueten,,,2009,,Bolli Records/62TV,,http://open.spotify.com/album/4b2FoYktxPW5nfuDBLFMWP,,/audio/Merg Var II.mp3, ,Merg,/albumcovers/Merg.webp
Merk Toch Hoe Sterk,Traditional,,,2006,Guy Van Nueten (2006),,,,,/audio/Merk Toch Hoe Sterk 1.mp3,"Old Styles,Song",,
Merk Toch Hoe Sterk,Traditional,,,,Guy Van Nueten (2006),,,,,/audio/Merk Toch Hoe Sterk 2.mp3,"Old Styles,Song",,
Mickey's Ruins,Van Nueten,feature film,Milo,2015,"Milo Chamber Orchestra, directed by Dirk De Caluwé",Bolli Records,,https://open.spotify.com/album/1Vg5cBNN2v9HX4tqOscQPe,,/audio/Mickey's Ruins1.mp3,"Film,Orchestral,Contemporary",Music for a Small Orchestra,/albumcovers/Music for a Small Orchestra.webp
Mickey's Ruins,Van Nueten,feature film,Milo,,"Milo Chamber Orchestra, directed by Dirk De Caluwé",Bolli Records,,https://open.spotify.com/album/1Vg5cBNN2v9HX4tqOscQPe,,/audio/Mickey's Ruins2.mp3,"Film,Orchestral,Contemporary",Music for a Small Orchestra,/albumcovers/Music for a Small Orchestra.webp
Mijnheer X,Van Nueten,,,2018,,Sony Classical,,,,/audio/Mijnheer X.mp3,"Piano,Old Styles,Contemporary",Contact,/albumcovers/Contact.webp
Confrontatie,Van Nueten,feature film,Milo,2012,"Milo Chamber Orchestra, directed by Dirk De Caluwé",,,,,/audio/Milo Confrontatie papa.mp3,"Piano,Orchestral,Film,Contemporary",Music for a Small Orchestra,/albumcovers/Music for a Small Orchestra.webp
Milo Exit Music,Van Nueten,feature film,Milo,2015,"Milo Chamber Orchestra, directed by Dirk De Caluwé",Bolli Records,,https://open.spotify.com/album/1Vg5cBNN2v9HX4tqOscQPe,,/audio/Milo Exit Music.mp3,"Old Styles,Contemporary,Orchestral,Film",Music for a Small Orchestra,/albumcovers/Music for a Small Orchestra.webp
Vechtpartij,Van Nueten,feature film,Milo,2012,"Milo Chamber Orchestra, directed by Dirk De Caluwé",,,,,/audio/Milo Vechtpartij (normaal).mp3,"Piano,Orchestral,Film,Contemporary",Music for a Small Orchestra,/albumcovers/Music for a Small Orchestra.webp
Vechtpartij,Van Nueten,feature film,Milo,2012,"Milo Chamber Orchestra, directed by Dirk De Caluwé",,,,,/audio/Milo Vechtpartij.mp3,"Piano,Orchestral,Film,Contemporary",Music for a Small Orchestra,/albumcovers/Music for a Small Orchestra.webp
Milo en Sterre,Van Nueten,feature film,Milo,2012,"Milo Chamber Orchestra, directed by Dirk De Caluwé",,,,,/audio/Milo en Sterre.mp3,"Old Styles,Contemporary,Orchestral,Film",,
Milo's Theme,Van Nueten,feature film,Milo,2015,"Milo Chamber Orchestra, directed by Dirk De Caluwé",Bolli Records,,https://open.spotify.com/album/1Vg5cBNN2v9HX4tqOscQPe,https://www.youtube.com/watch?v=9ezYQan_cns&list=PLsmvutRI5QqVag3gFUD6wu2jh0pIHaczE&index=3&t=0s,/audio/Milo's Theme1.mp3,"Old Styles,Contemporary,Orchestral,Film",Music for a Small Orchestra,/albumcovers/Music for a Small Orchestra.webp
Milo's Theme,Van Nueten,feature film,Milo,2015,"Milo Chamber Orchestra, directed by Dirk De Caluwé",Bolli Records,,https://open.spotify.com/album/1Vg5cBNN2v9HX4tqOscQPe,https://www.youtube.com/watch?v=9ezYQan_cns&list=PLsmvutRI5QqVag3gFUD6wu2jh0pIHaczE&index=3&t=0s,/audio/Milo's Theme2.mp3,"Old Styles,Contemporary,Orchestral,Film",Music for a Small Orchestra,/albumcovers/Music for a Small Orchestra.webp
Mitsoobishy Jackson,Houben-Deweze-Pawlowski,,,1999,Mitsoobishy Jacson,Heavenhotel,,,,/audio/Mitsoobishy Jacson.mp3, ,Boys Together Outrageously,
Mitsoobishy Jackson,Houben-Deweze-Pawlowski,,,1999,Mitsoobishy Jacson,Heavenhotel,,,,/audio/Mitsoobsishy Jacson2.mp3,"Song,Pop",Boys Together Outrageously,
Mixed Celtic Emotions,Van Nueten,feature film,Milo,2015,"Milo Chamber Orchestra, directed by Dirk De Caluwé",Bolli Records,,https://open.spotify.com/album/1Vg5cBNN2v9HX4tqOscQPe,,/audio/Mixed Celtic Emotions.mp3,"Film,Orchestral,Contemporary",Music for a Small Orchestra,/albumcovers/Music for a Small Orchestra.webp
Moleirinha House,Traditional,musical theatre,Hotel Tomilho,2004,,,,,,/audio/Moleirinha house.mp3, ,,
Montage,Van Nueten,documentary,Raoul Servais: Mémoires d'un Artisan,2017,,,,,,/audio/Montage 1.mp3,"Electronic,Stage",,
MoogPuls 4,Van Nueten,feature film,Pulsar,2010,,,,,https://www.youtube.com/watch?v=WQFt8-ydpQI&t=0s&list=PLsmvutRI5QqWe2xlZh1niJ6ZAG-nbi1xI&index=3,/audio/MoogPuls 4.mp3,"Electronic,Film,Minimal",,
MoogPuls,Van Nueten,feature film,Pulsar,2010,,,,,https://www.youtube.com/watch?v=WQFt8-ydpQI&t=0s&list=PLsmvutRI5QqWe2xlZh1niJ6ZAG-nbi1xI&index=3,/audio/MoogPuls.mp3,"Electronic,Film,Minimal",,
Mr. Stoffer's Solo,Van Nueten,dance performance,bâche,2005,,Lowlands,,https://open.spotify.com/album/7ftzIX71VNmGxtOEN905VF,,/audio/Mr. Stoffer's Solo 1.mp3,"Contemporary,Electronic,Stage,Minimal",bâche,/albumcovers/bâche.webp
Mummified,Van Nueten,feature film,Pulsar,2010,,,,,,/audio/Mummified.mp3,"Electronic,Film",,
Mummy,Van Nueten,feature film,Pulsar,2010,,,,,,/audio/Mummy.mp3,"Electronic,Contemporary,Film",,
Music for a While,Dryden-Lee/ Purcell (1659-1695),dance performance,bâche,2005,Guy Van Nueten & Steve Dugardin,Lowlands,,https://open.spotify.com/album/7ftzIX71VNmGxtOEN905VF,,/audio/Music for a While 1.mp3,"Song,Old Styles,Stage",bâche,/albumcovers/bâche.webp
My Funny Valentine,Rodgers-Hart,,,,"Tom Barman, Guy Van Nueten & The Royal Flemish Philharmonic",,"Concertgebouw, 16-11-2002, Bruges, Belgium",,,/audio/My Funny Valentine 1.mp3,"Song,Orchestral,Pop,Live",,
My Funny Valentine,Rodgers-Hart,,,,"Tom Barman, Guy Van Nueten & The Royal Flemish Philharmonic",,"Concertgebouw, 16-11-2002, Bruges, Belgium",,,/audio/My Funny Valentine 2.mp3,"Song,Orchestral,Pop,Live",,
Nachtwandeling,Van Nueten,film,Eva Reste Au Placard Les Nuits de Pleine Lune,2006,,,,,,/audio/Nachtwandeling 1.mp3,"Piano,Film",,
Nel Mezzo del Camin,Van Nueten,musical theatre,De 7 hoofdzonden,2009,"Darling Nikki, Vocamabile & 7 celli",,,,,/audio/Nel Mezzo del Camin 1.mp3,"Contemporary,Orchestral,Stage",,
Nel Mezzo del Camin,Van Nueten,musical theatre,De 7 hoofdzonden,2009,"Darling Nikki, Vocamabile & 7 celli",,,,,/audio/Nel Mezzo del Camin.mp3,"Contemporary,Orchestral,Stage",,
Nightfall,Van Nueten,feature film,Milo,2015,"Milo Chamber Orchestra, directed by Dirk De Caluwé",Bolli Records,,https://open.spotify.com/album/1Vg5cBNN2v9HX4tqOscQPe,,/audio/Nightfall.mp3,"Piano,Orchestral,Film,Contemporary",Music for a Small Orchestra,/albumcovers/Music for a Small Orchestra.webp
Nightmare,Van Nueten,musical theatre,Solitary Confinement,2013,,,,,,/audio/Nightmare1.mp3,"Electronic,Stage,Minimal",,
Nightmare,Van Nueten,musical theatre,Solitary Confinement,2013,,,,,,/audio/Nightmare2.mp3,"Electronic,Stage,Minimal",,
Nothing,Van Nueten,musical theatre,The Medium,2015,"Tom Barman, Guy Van Nueten & The Royal Flemish Philharmonic",Universal,,,,/audio/Nothing Really Ends (duo).mp3,"Live,Pop,Song",Live,/albumcovers/Live.webp
Nothing Really Ends,Tom Barman,,,2003,Tom Barman & Guy Van Nueten,Universal,"Jazz-Café, London, UK, 12-02-2002",,,/audio/Nothing Really Ends.mp3,"Song,Orchestral,Pop,Live",Live,/albumcovers/Live.webp
Nothing,Van Nueten,musical theatre,The Medium,2015,,,,,,/audio/Nothing.mp3,"Contemporary,Stage",,
O Solitude,Philips (1631-1664)/Purcell (1659-1695),dance performance,bâche,2005,Guy Van Nueten & Steve Dugardin,Lowlands,,https://open.spotify.com/album/7ftzIX71VNmGxtOEN905VF,,/audio/O Solitude.mp3,"Song,Electronic,Old Styles,Stage",bâche,/albumcovers/bâche.webp
Ombre de Mon Amant,Michel Lambert (1610-1696),dance performance,Import/Export,2006,Kirke String Quartet,,,,,/audio/Ombre de Mon Amant 1.mp3,"Old Styles,Stage",,
Opening Stereo,Van Nueten,theatre piece,Het Beest,2000,,,,,,/audio/Opening Stereo 1.mp3,"Electronic,Minimal,Stage",,
Orkest 1 take 2,Van Nueten,musical theatre,Maria Magdalena,2008,Guy Van Nueten,,,,,/audio/Orkest 1 take 2.mp3,"Electronic,Stage,Minimal",,
Otesánek Variatie,Van Nueten,,,2013,,Bolli Records,,https://open.spotify.com/album/3IcFBuAA3PzwjU4D5kjDic,,/audio/Otesánek Variatie.mp3,"Piano,Classical,Contemporary",Pacman,/albumcovers/Pacman.webp
Otesánek,Van Nueten,,,2013,,Bolli Records,,https://open.spotify.com/album/3IcFBuAA3PzwjU4D5kjDic,,/audio/Otesánek.mp3,"Piano,Classical,Contemporary",Pacman,/albumcovers/Pacman.webp
Ouverture,Van Nueten,musical theatre,The Medium,2015,,,,,,/audio/Ouverture.mp3,"Electronic,Stage",,
Pacman I. Tijdelijke Controle,Van Nueten,,,2013,,Bolli Records,,https://open.spotify.com/album/3IcFBuAA3PzwjU4D5kjDic,,/audio/Pacman I Tijdelijke Controle.mp3,"Piano,Classical,Contemporary",Pacman,/albumcovers/Pacman.webp
Pacman II. Wederopstanding,Van Nueten,,,2013,,Bolli Records,,https://open.spotify.com/album/3IcFBuAA3PzwjU4D5kjDic,https://www.youtube.com/watch?v=BhmzuuiaTeg&t=0s&list=PLsmvutRI5QqUYkIcZoK0iDImB7G4cgisR&index=3,/audio/Pacman II Wederopstanding.mp3,"Piano,Classical,Contemporary",Pacman,/albumcovers/Pacman.webp
Pacman III. Droefheid,Van Nueten,,,2013,,Bolli Records,,https://open.spotify.com/album/3IcFBuAA3PzwjU4D5kjDic,,/audio/Pacman III Droefheid.mp3,"Piano,Old Styles,Contemporary",Pacman,/albumcovers/Pacman.webp
Pacman IV. Glorierijk Einde,Van Nueten,,,2013,,Bolli Records,,https://open.spotify.com/album/3IcFBuAA3PzwjU4D5kjDic,,/audio/Pacman IV Glorierijk Einde.mp3,"Piano,Classical,Contemporary",Pacman,/albumcovers/Pacman.webp
Pâques au Tisons,Mercelis-Van Nueten,movie,Pâques au Tison,2002,Zon and Zero,,,,,/audio/Paques au Tisons (Thema 2).mp3,"Electronic,Film,Minimal",,
Patriciascape,Van Nueten,musical theatre,Hotel Tomilho,2004,,,,,,/audio/Patriciascape.mp3, ,,
Pegasus God Cloth,Faltakh-Tsakiridis-Vanhamel,,,2015,The Hickey Underworld,PIAS,,,,/audio/Pegasus God Cloth.mp3,"Song,Pop",III,
PianoBarbeAube,Van Nueten,documentary,Le Choix de Peindre: Vincent van Gogh,2014,,,,,,/audio/PianoBarbeAube.mp3,"Piano,Minimal,Film",,
Pocket Revolution,Barman-Pawlowski-Janzoons-Misseghers-Gevaert,,,2005,dEUS,Universal/V2,,,,/audio/Pocket Revolution A.mp3,"Song,Pop",Pocket Revolution,
Pocket Revolution,Barman-Pawlowski-Janzoons-Misseghers-Gevaert,,,2005,dEUS,Universal/V2,,,,/audio/Pocket Revolution B.mp3,"Song,Pop",Pocket Revolution,
Pocket Revolution,Barman-Pawlowski-Janzoons-Misseghers-Gevaert,,,2005,dEUS,Universal/V2,,,,/audio/Pocket Revolution.mp3,"Song,Pop",Pocket Revolution,
Politieke Promenades,Van Nueten,silent movie,"Bruxelles, Ville en Images",2014,,Royal Film Archive of Belgium,,,,/audio/Politieke Promenades.mp3,"Piano,Film","Bruxelles, Ville en Images",
Popular Culture,Barman-Pawlowski,,,2008,dEUS,Universal/V2,,,,/audio/Popular Culture1.mp3,"Song,Pop",Vantage Point,
Popular Culture,Barman-Pawlowski,,,2008,dEUS,Universal/V2,,,,/audio/Popular Culture2.mp3,"Song,Pop",Vantage Point,
Prequel,Van Nueten,feature film,Night Has Come,2016,,,,,,/audio/Prequel.mp3,"Electronic,Contemporary,Film",,
Promio,Van Nueten,silent movie,"Bruxelles, Ville en Images",2014,,Royal Film Archive of Belgium,,,https://youtu.be/P95nhcMyEyw,/audio/Promio.mp3,"Piano,Old Styles,Film","Bruxelles, Ville en Images",
PulsTrioKraak,Van Nueten,feature film,Pulsar,2010,,,,,https://www.youtube.com/watch?v=WQFt8-ydpQI&t=0s&list=PLsmvutRI5QqWe2xlZh1niJ6ZAG-nbi1xI&index=3,/audio/PulsTrioKraak1.mp3,"Electronic,Film,Minimal",,
PulsTrioKraak,Van Nueten,feature film,Pulsar,2010,,,,,https://www.youtube.com/watch?v=WQFt8-ydpQI&t=0s&list=PLsmvutRI5QqWe2xlZh1niJ6ZAG-nbi1xI&index=3,/audio/PulsTrioKraak2.mp3,"Electronic,Film,Minimal",,
Pulsar,Van Nueten,feature film,Pulsar,2010,,,,http://open.spotify.com/track/1fDtnnwVZpwykCmAMzRKDr,,/audio/Pulsar1.mp3,"Piano,Classical,Contemporary",,
Pulsar,Van Nueten,feature film,Pulsar,2010,,,,http://open.spotify.com/track/1fDtnnwVZpwykCmAMzRKDr,,/audio/Pulsar2.mp3,"Piano,Classical,Contemporary",,
Put Your Love Jacket On,Pawlowski-Deweze-Houben,,,1999,Mitsoobsishy Jacson,Heavenhotel,,,,/audio/Put Your Love Jacket On1.mp3,"Song,Pop",Boys Together Outrageously,
Put Your Love Jacket On,Pawlowski-Deweze-Houben,,,1999,Mitsoobsishy Jacson,Heavenhotel,,,,/audio/Put Your Love Jacket On2.mp3,"Song,Pop",Boys Together Outrageously,
Put Your Love Jacket On,Pawlowski-Deweze-Houben,,,1999,Mitsoobsishy Jacson,Heavenhotel,,,,/audio/Put Your Love Jacket On3.mp3,"Song,Pop",Boys Together Outrageously,
Come Back Quincy,Van Nueten,,,,Vanity Project (2015),,,,,/audio/Quincy.mp3,"Electronic,Pop,Rock,Live",,
Rags 'n' Run,Tom Van Laere,,,2003,Admiral Freebee,Universal,,,https://www.youtube.com/watch?v=Ajd810dHxcM&t=0s&list=PLsmvutRI5QqVv8IcilXTBLp_msLxgoiBg&index=2,/audio/Rags 'n' Run 1.mp3,"Song,Pop",Admiral Freebee,
Rags 'n' Run,Tom Van Laere,,,2003,Admiral Freebee,Universal,,,https://www.youtube.com/watch?v=Ajd810dHxcM&t=0s&list=PLsmvutRI5QqVv8IcilXTBLp_msLxgoiBg&index=2,/audio/Rags 'n' Run 2.mp3,"Song,Pop",Admiral Freebee,
Rags 'n' Run,Tom Van Laere,,,2003,Admiral Freebee,Universal,,,https://www.youtube.com/watch?v=Ajd810dHxcM&t=0s&list=PLsmvutRI5QqVv8IcilXTBLp_msLxgoiBg&index=2,/audio/Rags 'n' Run 3.mp3,"Song,Pop",Admiral Freebee,
Raoul Dessine,Van Nueten,documentary,Raoul Servais: Mémoires d'un Artisan,2017,,,,,,/audio/Raoul Dessine (Prise 1).mp3,"Electronic,Film,Minimal",,
Raoul Dessine,Van Nueten,documentary,Raoul Servais: Mémoires d'un Artisan,2017,,,,,,/audio/Raoul Dessine1.mp3,"Piano,Minimal,Film",,
,,,,,,,,,,/audio/Raoul Générique 1ère prise.mp3,"Piano,Contemporary,Film",,
Loop,Van Nueten,documentary,Raoul Servais: Mémoires d'un Artisan,2017,,,,,,/audio/Raoul Loop.mp3,"Electronic,Contemporary,Minimal,Film",,
Montage,Van Nueten,documentary,Raoul Servais: Mémoires d'un Artisan,2017,,,,,,/audio/Raoul Montage Piano.mp3,"Piano,Contemporary,Film",,
Montage,Van Nueten,documentary,Raoul Servais: Mémoires d'un Artisan,2017,,,,,,/audio/Raoul Montage.mp3,"Electronic,Contemporary,Film",,
Variation Optimiste,Van Nueten,documentary,Raoul Servais: Mémoires d'un Artisan,2017,,,,,,/audio/Raoul Variation Optimiste.mp3,"Piano,Contemporary,Film",,
Rebound Love,Tom Van Laere,,,2003,Admiral Freebee,Universal,,,,/audio/Rebound Love.mp3,"Song,Pop",Admiral Freebee,
Reggae Geel,Van Nueten,musical theatre,Solitary Confinement,2013,,,,,,/audio/Reggae Geel.mp3,"Piano,Stage,Pop",,
Repelsteeltje Deel 3,Van Nueten,musical theatre,The Medium,2015,,,,,,/audio/Repelsteeltje Deel 3.mp3,"Piano,Stage",,
Repelsteeltje after Dark,Van Nueten,musical theatre,The Medium,2014,,,,,,/audio/Repelsteeltje after Dark.mp3,"Electronic,Contemporary,Stage",,
Reprimand,Van Nueten,feature film,Milo,2015,"Milo Chamber Orchestra, directed by Dirk De Caluwé",Bolli Records,,https://open.spotify.com/album/1Vg5cBNN2v9HX4tqOscQPe,,/audio/Reprimand1.mp3,"Piano,Orchestral,Film,Contemporary",Music for a Small Orchestra,/albumcovers/Music for a Small Orchestra.webp
Reprimand,Van Nueten,feature film,Milo,2015,"Milo Chamber Orchestra, directed by Dirk De Caluwé",Bolli Records,,https://open.spotify.com/album/1Vg5cBNN2v9HX4tqOscQPe,,/audio/Reprimand2.mp3,"Piano,Orchestral,Film,Contemporary",Music for a Small Orchestra,/albumcovers/Music for a Small Orchestra.webp
River Man,Nick Drake,,,2003,Tom Barman & Guy Van Nueten,Universal,"De Singel, Antwerp, Belgium, 12-01-2001",,,/audio/River Man (duo).mp3,"Live,Pop,Song",Live,/albumcovers/Live.webp
River Man,Nick Drake,,,2003,"Tom Barman, Guy Van Nueten & The Royal Flemish Philharmonic",Universal,"Concertgebouw, 16-11-2002, Bruges, Belgium",,,/audio/River Man.mp3,"Song,Orchestral,Pop,Live",,
,,,,,,,,,,/audio/Roeskapoeskaprot.mp3,"Pop,Stage",,
S.O.S.,Andersson - Ulvaeus - Stig Anderson,,,,Lara Chedraoui & Guy Van Nueten,,"Concertstudio, 17 dec.2012, Kortrijk, Belgium",,https://youtu.be/2A1alpHxpCQ,/audio/S.O.S. 2.mp3,"Live,Pop,Song",,
S.O.S.,Andersson - Ulvaeus - Stig Anderson,,,,Lara Chedraoui & Guy Van Nueten,,"Concertstudio, 17 dec.2012, Kortrijk, Belgium",,https://youtu.be/2A1alpHxpCQ,/audio/S.O.S.1.mp3,"Live,Pop,Song",,
Sail Your Ship,Vanderhaeghen-Van Nueten,,,1995,The Sands,Megadisc/MCA,,https://open.spotify.com/album/3rTmrfPsQhsAroP66BYpdY,,/audio/Sail Your Ship.mp3,"Pop,Song",The Sands,/albumcovers/The Sands.webp
Saïda,Van Nueten,silent movie collection,"Bruxelles, Ville en Images",2014,,,,,,/audio/Saïda.mp3,"Piano,Film","Bruxelles, Ville en Images",
Sarabande,J.S. Bach (1685-1750),,,2009,Guy Van Nueten,Bolli Records/62TV,,http://open.spotify.com/track/5w7M4sgrhjbq9mAW4yglcK,,/audio/Sarabande.mp3,"Piano,Old Styles,Baroque",Merg,/albumcovers/Merg.webp
Sekwens Nr.1,Van Nueten,theatre piece,Of Mice and Men,2003,,,,,,/audio/Sekwens Nr.1.mp3,"Electronic,Stage,Minimal",,
Serpentine,Tom Barman,,,2003,Tom Barman & Guy Van Nueten,Universal,"Hard Club, Porto, Portugal, 1-03-2002",,,/audio/Serpentine1.mp3,"Live,Pop,Song",Live,/albumcovers/Live.webp
Serpentine,Tom Barman,,,2003,Tom Barman & Guy Van Nueten,Universal,"Hard Club, Porto, Portugal, 1-03-2002",,,/audio/Serpentine2.mp3,"Live,Pop,Song",Live,/albumcovers/Live.webp
Séance,Van Nueten,musical theatre,The Medium,2014,,,,,,/audio/Séance.mp3,"Electronic,Contemporary,Stage",,
She's so Beautiful,44 Rave,,,,44 Rave,,"Rodeofest, Spiegeltent 28-07-2012 Antwerp, Belgium",,,/audio/She's so Beautiful.mp3,"Rock,Live,Pop",,
Shopping,Van Nueten,silent movie collection,"Bruxelles, Ville en Images",2014,,,,,,/audio/Shopping.mp3,"Piano,Minimal,Film","Bruxelles, Ville en Images",
Sirens,Barman-Pawlowski-Janzoons-Misseghers-Gevaert,,,2012,dEUS,PIAS,,,,/audio/Sirens.mp3,"Song,Pop",Following Sea,
Six o' Clock Blues,44 Rave,,,,44 Rave,,"Rodeofest, Spiegeltent 28-07-2012 Antwerp, Belgium",,,/audio/Six o'Clock Blues.mp3,"Rock,Live,Pop",,
Sky is Blue,Vanderhaeghen-Van Nueten,,,1995,The Sands,Megadisc/MCA,,https://open.spotify.com/album/3rTmrfPsQhsAroP66BYpdY,,/audio/Sky Is Blue.mp3,"Pop,Song",The Sands,/albumcovers/The Sands.webp
Slomo,Van Nueten,feature film,Pulsar,2010,,,,,,/audio/Slomo.mp3,"Piano,Classical,Contemporary,Minimal",,
Solitary Space,Van Nueten,musical theatre,Solitary Confinement,2013,,,,,https://youtu.be/OnGYdflaQ1M,/audio/Solitary Space.mp3,"Electronic,Stage",,
Some Kinda Love,Lou Reed,,,2004,Tom Barman & Guy Van Nueten,,"Dranouter Festival, 7-8-2004, Dranouter, Belgium",,,/audio/Some Kinda Love 1.mp3,"Live,Pop,Song",,
Some Kinda Love,Lou Reed,,,2004,Tom Barman & Guy Van Nueten,,"Dranouter Festival, 7-8-2004, Dranouter, Belgium",,,/audio/Some Kinda Love 2.mp3,"Live,Pop,Song",,
Some Refuse the Treatment,Verhelst-Van Nueten,feature film,Night Has Come,2017,Johan Leysen & Guy Van Nueten,,,,,/audio/Some Refuse the Treatment+VO.mp3,"Electronic,Pop,Film",,
Sometimes I Wanna Run,Vanhamel,,,2008,Tim Vanhamel,,"StuBru Club 69,Brussels, Belgium, 14-11-2008",,,/audio/Sometimes I Wanna Run.mp3,"Live,Pop,Song",,
Sometimes,Vanderhaeghen-Van Nueten,,,1995,The Sands,Megadisc/MCA,,https://open.spotify.com/album/3rTmrfPsQhsAroP66BYpdY,https://youtu.be/nwTx4eupE2Q,/audio/Sometimes.mp3,"Song,Pop",The Sands,/albumcovers/The Sands.webp
Sons of Grey,Stuyven,,,2003,Daan,Tracks,,,,/audio/Sons of Grey1.mp3,"Pop,Song,Electronic",Bridge Burner,
Sons of Grey,Stuyven,,,2003,Daan,Tracks,,,,/audio/Sons of Grey2.mp3,"Pop,Song,Electronic",Bridge Burner,
Soul Decoder,Van Nueten,feature film,Pulsar,2010,,,,,,/audio/Soul Decoder.mp3,"Piano,Film,Minimal",,
Sunchild,Stuyven,,,2003,Daan,Tracks,,,https://youtu.be/5CoykZwoV1c?feature=shared,/audio/Sunchild1.mp3,"Pop,Song,Electronic,Stage",Bridge Burner,
Sunchild,Stuyven,,,2003,Daan,Tracks,,,https://youtu.be/5CoykZwoV1c?feature=shared,/audio/Sunchild2.mp3,"Pop,Song,Electronic",Bridge Burner,
Syncdelay,Van Nueten,musical theatre,Maria Magdalena,2008,,,,,,/audio/Syncdelay.mp3,"Electronic,Contemporary,Stage,Minimal",,
Take Me Home,Tim Vanhamel,,,,Tim Vanhamel,,"StuBru Club 69,Brussels, Belgium, 14-11-2008",,,/audio/Take Me Home1.mp3,"Live,Pop,Song",,
Take Me Home,Tim Vanhamel,,,,Tim Vanhamel,,"StuBru Club 69,Brussels, Belgium, 14-11-2008",,,/audio/Take Me Home2.mp3,"Live,Pop,Song",,
Takhiti,Van Nueten,,,,Vanity Project feat. Alan Gevaert,,"Bar du Matin, 25-10-2015, Bozar Brussels, Belgium",,,/audio/Takhiti.mp3,"Rock,Live,Pop",,
Talking to the Police,Van Nueten,feature film,Milo,2015,Guy Van Nueten,Bolli Records,,https://open.spotify.com/album/1Vg5cBNN2v9HX4tqOscQPe,,/audio/Talking to the Police.mp3,"Piano,Solo,Film,Contemporary",Music for a Small Orchestra,/albumcovers/Music for a Small Orchestra.webp
Target Practice,Van Nueten,feature film,Milo,2015,"Milo Chamber Orchestra, directed by Dirk De Caluwé",Bolli Records,,https://open.spotify.com/album/1Vg5cBNN2v9HX4tqOscQPe,,/audio/Target Practice1.mp3,"Piano,Orchestral,Film,Contemporary",Music for a Small Orchestra,/albumcovers/Music for a Small Orchestra.webp
Target Practice,Van Nueten,feature film,Milo,2015,"Milo Chamber Orchestra, directed by Dirk De Caluwé",Bolli Records,,https://open.spotify.com/album/1Vg5cBNN2v9HX4tqOscQPe,,/audio/Target Practice2.mp3,"Piano,Orchestral,Film,Contemporary",Music for a Small Orchestra,/albumcovers/Music for a Small Orchestra.webp
Tell Me,Vanhamel,,,2008,Tim Vanhamel,,"StuBru Club 69,Brussels, Belgium, 14-11-2008",,,/audio/Tell Me.mp3,"Live,Pop,Song",,
The Build Up,Boe - Oeye - Feist,,,,Lara Chedraoui & Guy Van Nueten,,"Concertstudio, 17 dec.2012, Kortrijk, Belgium",,,/audio/The Build Up.mp3,"Live,Pop,Song",,
The Final Workout,Van Nueten,dance performance,bâche,2005,,Lowlands,,https://open.spotify.com/album/7ftzIX71VNmGxtOEN905VF,,/audio/The Final Workout 1.mp3,"Electronic,Pop,Stage",bâche,/albumcovers/bâche.webp
The Final Workout,Van Nueten,dance performance,bâche,2005,,Lowlands,,https://open.spotify.com/album/7ftzIX71VNmGxtOEN905VF,,/audio/The Final Workout 2.mp3,"Electronic,Pop,Stage",bâche,/albumcovers/bâche.webp
The Goldbird has flown,Van Nueten,dance performance,bâche,2005,,Lowlands,,https://open.spotify.com/album/7ftzIX71VNmGxtOEN905VF,,/audio/The Goldbird has flown 1.mp3,"Electronic,Pop,Stage",bâche,/albumcovers/bâche.webp
The Night,Van Nueten,feature film,Night Has Come,2016,,Sony Classical,,,,/audio/The Night I. Finis Mundi.mp3,"Piano,Classical,Contemporary",Contact,/albumcovers/Contact.webp
The Night II. Weeping Song,Van Nueten,,,2018,,Sony Classical,,http://open.spotify.com/album/4tEc1sl5n3rckx4PQxKv6r,https://www.youtube.com/watch?v=Rdn89bogXM0&list=PLsmvutRI5QqUYkIcZoK0iDImB7G4cgisR&t=0s&index=5,/audio/The Night II. Weeping Song.mp3,"Piano,Classical,Contemporary,Minimal",Contact,/albumcovers/Contact.webp
The Night,Van Nueten,feature film,Night Has Come,2016,,,,,,/audio/The Night.mp3,"Electronic,Piano,Contemporary,Film",,
The Parasite,Van Nueten,feature film,Night Has Come,2017,,,,,,/audio/The Parasite.mp3,"Electronic,Contemporary,Minimal,Film",,/albumcovers/NIGHT HAS COME(EP-cover) copy.jpg
The Reveal,Van Nueten,upcoming album,Decent Music,2024,"Milo Chamber Orchestra, directed by Dirk De Caluwe",Bolli Records,,https://open.spotify.com/artist/6LQRyga459hm5w9HCzARFu,https://youtu.be/PlyPIDqGgow,/audio/The Reveal.mp3,"Piano,Orchestral,Film,Contemporary",Decent Music,/albumcovers/Artwork The Reveal.JPG
The Sally Gardens,Yeats/Traditional,dance performance,bâche,2005,Guy Van Nueten & Steve Dugardin,Lowlands,,https://open.spotify.com/album/7ftzIX71VNmGxtOEN905VF,,/audio/The Sally Gardens 1.mp3,"Old Styles,Song,Stage",bâche,/albumcovers/bâche.webp
The Season Song,Vanderhaeghen-Van Nueten,,,1995,The Sands,Megadisc/MCA,,https://open.spotify.com/album/3rTmrfPsQhsAroP66BYpdY,,/audio/The Season Song.mp3,"Pop,Song",The Sands,/albumcovers/The Sands.webp
Thema 1,Verhelst-Van Nueten,feature film,Night Has Come,2017,Johan Leysen & Guy Van Nueten,,,,,/audio/Thema 1 piano.mp3,"Piano,Contemporary,Film",,
Thema 1,Verhelst-Van Nueten,feature film,Night Has Come,2017,Johan Leysen & Guy Van Nueten,,,,,/audio/Thema 1+voice-over.mp3,"Piano,Contemporary,Film",,
Thema 1,Verhelst-Van Nueten,feature film,Night Has Come,2017,Johan Leysen & Guy Van Nueten,,,,,/audio/Thema 1.mp3,"Electronic,Piano,Contemporary,Film",,
Thema Driehoek,Van Nueten,feature film,Night Has Come,2016,,,,,,/audio/Thema Driehoek.mp3,"Piano,Contemporary,Film",,
Thema Q,Van Nueten,feature film,Night Has Come,2016,,,,,,/audio/Thema Q.mp3,"Piano,Contemporary,Film",,
Thema Z naar Thema 1,Van Nueten,feature film,Night Has Come,2017,,,,,,/audio/Thema Z naar Thema 1 pp.mp3,"Piano,Contemporary,Film",,
Thema Z naar Thema 2,Van Nueten,feature film,Night Has Come,2017,,,,,,/audio/Thema Z naar Thema 2 ff.mp3,"Electronic,Piano,Contemporary,Film",,
Thema Z naar Thema 2,Van Nueten,feature film,Night Has Come,2017,,,,,,/audio/Thema Z naar Thema 2.mp3,"Electronic,Piano,Contemporary,Film",,
Thema Z,Van Nueten,feature film,Night Has Come,2016,,,,,,/audio/Thema Z.mp3,"Piano,Contemporary,Film",,
Thema 1 extended,Van Nueten,feature film,Night Has Come,2017,Johan Leysen & Guy Van Nueten,,,,,/audio/Thema1 ext+VO.mp3,"Electronic,Piano,Contemporary,Film",,
Thema 1 extended,Van Nueten,feature film,Night Has Come,2017,,,,,,/audio/Thema1 extended.mp3,"Piano,Classical,Contemporary,Film",,
Thème Lent et Vide,Van Nueten,documentary,Raoul Servais: Mémoires d'un Artisan,2017,,,,,,/audio/Thème Lent et Vide.mp3,"Piano,Minimal,Contemporary,Film",,
Thirty Silver Coins,Van Nueten,feature film,Milo,2015,"Milo Chamber Orchestra, directed by Dirk De Caluwé",Bolli Records,,https://open.spotify.com/album/1Vg5cBNN2v9HX4tqOscQPe,,/audio/Thirty Silver Coins1.mp3,"Film,Orchestral,Contemporary",Music for a Small Orchestra,/albumcovers/Music for a Small Orchestra.webp
Thirty Silver Coins,Van Nueten,feature film,Milo,2015,"Milo Chamber Orchestra, directed by Dirk De Caluwé",Bolli Records,,https://open.spotify.com/album/1Vg5cBNN2v9HX4tqOscQPe,,/audio/Thirty Silver Coins2.mp3,"Film,Orchestral,Contemporary",Music for a Small Orchestra,/albumcovers/Music for a Small Orchestra.webp
This Place,Van Nueten,advertisement,X,2007,"Vanhamel, Gevaert, Van Nueten, Van den Berghe",,,,,/audio/This Place 1.mp3,"Pop,Film",,
This Place,Van Nueten,advertisement,X,2007,"Vanhamel, Gevaert, Van Nueten, Van den Berghe",,,,,/audio/This Place 2.mp3,"Pop,Film",,
This Place,Van Nueten,advertisement,X,2007,"Vanhamel, Gevaert, Van Nueten, Van den Berghe",,,,,/audio/This Place 3.mp3,"Pop,Film",,
Thru,44 Rave,,,,44 Rave,,"Rodeofest, Spiegeltent 28-07-2012 Antwerp, Belgium",,,/audio/Thru.mp3,"Rock,Live,Pop",,
Thunder,Van Nueten,musical theatre,Solitary Confinement,2013,,,,,,/audio/Thunder.mp3,"Electronic,Stage,Minimal",,
Tigerpants,44 Rave,,,,44 Rave,,"Rodeofest, Spiegeltent 28-07-2012 Antwerp, Belgium",,,/audio/Tigerpants1.mp3,"Rock,Live,Pop",,
Tigerpants,44 Rave,,,,44 Rave,,"Rodeofest, Spiegeltent 28-07-2012 Antwerp, Belgium",,,/audio/Tigerpants2.mp3,"Rock,Live,Pop",,
Tigerpants,44 Rave,,,,44 Rave,,"Rodeofest, Spiegeltent 28-07-2012 Antwerp, Belgium",,,/audio/Tigerpants3.mp3,"Rock,Live,Pop",,
Tiptoe through the Tulips,Dubin-Burke,,,,Gregory Frateur & Guy Van Nueten,,"Acht Academy, 27-11-2011, Hasselt, Belgium",,https://youtu.be/JhkBzZi3Fdc,/audio/Tiptoe through the Tulips.mp3,"Live,Pop,Song",,
To Hit A Dog Just Find A Stick,Van Nueten,dance performance,Import/Export,2006,Kirke String Quartet,,,,,/audio/To Hit A Dog Just Find A 1.mp3,"Contemporary,Chamber,Stage",,
To Hit A Dog Just Find A Stick,Van Nueten,dance performance,Import/Export,2006,Kirke String Quartet,,,,,/audio/To Hit A Dog Just Find A 2.mp3,"Contemporary,Stage",,
To Hit A Dog Just Find A Stick,Van Nueten,dance performance,Import/Export,2006,Kirke String Quartet,,,,,/audio/To Hit A Dog Just Find A 3.mp3,"Contemporary,Stage",,
Tobydrone,Van Nueten,musical theatre,The Medium,2015,,,,,,/audio/Tobydrone.mp3,"Electronic,Minimal,Stage",,
Too Dark To Dream,Deweze,,,2002,Sukilove,Hidden Agenda Records,,,,/audio/Too Dark To Dream.mp3,"Song,Pop",Talking in the Dark,
Too Good To Be True,Van Dijk-Van Nueten,,,2002,Chitlin' Fooks,Hidden Agenda Records-Palomine Records-Pias,,,,/audio/Too Good To Be True.mp3,"Pop,Song",Chitlin' Fooks,
Tortel,Van Nueten,feature film,Pulsar,2010,,,,,https://www.youtube.com/watch?v=7n-M8CA1XDQ&list=PLsmvutRI5QqVag3gFUD6wu2jh0pIHaczE&index=1,/audio/Tortel.mp3,"Piano,Film",,
Toto,Van Nueten,silent movie collection,"Bruxelles, Ville en Images",2014,,,,,,/audio/Toto.mp3,"Piano,Film","Bruxelles, Ville en Images",
Transformatie,Van Nueten,film,Eva Reste au Placard les Nuits de Pleine Lune,2006,,,,,,/audio/Transformatie 1.mp3,"Orchestral,Film",,
Trap,Van Nueten,feature film,Ex-Drummer,2006,,,,,https://youtu.be/iC6_h05cVyA,/audio/Trap.mp3,"Electronic,Contemporary,Film,Minimal",,
Troostlied,Dendooven-Van Nueten,musical,Soepkinders,2004,Tine Embrechts & The Soup Group,,"CC Hasselt, Belgium, 20-04-2005",,https://youtu.be/sjdXCbUnxD0,/audio/Troostlied.mp3,"Pop,Song,Live",,
Trust and Control,Van Nueten,feature film,Pulsar,2010,,,,,https://www.youtube.com/watch?v=WQFt8-ydpQI&t=0s&list=PLsmvutRI5QqWe2xlZh1niJ6ZAG-nbi1xI&index=3,/audio/Trust and Control.mp3,"Electronic,Film,Minimal",,
Une Femme Comme Moi,Van Nueten,theatre piece,Beautiful Red Dress,2001,,,,,,/audio/Une Femme Comme Moi 1.mp3,"Pop,Electronic,Stage",,
Verb Nr.3,Van Nueten,musical theatre,The Medium,2014,,,,,,/audio/Verb3.mp3,"Electronic,Stage",,
,,,,,,,,,,/audio/Verveling.mp3,"Piano,Contemporary,Electronic,Minimal",,
Vide un peu effrayant,Van Nueten,documentary,Raoul Servais: Mémoires d'un Artisan,2017,,,,,,/audio/Vide un peu effrayant.mp3,"Piano,Minimal,Contemporary,Film",,
Vos Mépris,Michel Lambert (1610-1696),dance performance,Import/Export,2006,Kirke String Quartet,,,,,/audio/Vos Mépris 1.mp3,"Old Styles,Arrangement,Stage",,
Vos Mépris,Michel Lambert (1610-1696),dance performance,Import/Export,2006,Kirke String Quartet,,,,,/audio/Vos Mépris 2.mp3,"Old Styles,Arrangement,Stage",,
Wals met Briljanten I. Rubato,Van Nueten,,,2018,,Sony Classical,,https://open.spotify.com/track/0kcHFsigk1FDwEmEMzFMmj?si=8e2fb605f44b469e,,/audio/Wals met Briljanten I-II.mp3,"Piano,Classical,Contemporary",Contact,/albumcovers/Contact.webp
Wals met Briljanten I. Rubato,Van Nueten,,,2018,,Sony Classical,,,,/audio/Wals met Briljanten I. Rubato.mp3,"Piano,Classical,Contemporary",Contact,/albumcovers/Contact.webp
Wals met Briljanten II. Allegro Vivace,Van Nueten,,,2018,,Sony Classical,,https://open.spotify.com/track/4mhKi3cayTVtfMG4YpGIjf?si=fd1f3f9580624b63,https://youtu.be/0_gNb6iCvcA?si=D8UHY-AgyFr0DCPC,/audio/Wals met Briljanten II. Allegro Vivace.mp3,"Piano,Classical,Contemporary",Contact,/albumcovers/Contact.webp
Wals met Briljanten III. Allegretto,Van Nueten,,,2018,,Sony Classical,,https://open.spotify.com/track/5AbCbTqpo7NRgw5qNXyKvP?si=d0c450f426824ce1,,/audio/Wals met Briljanten III. Allegretto.mp3,"Piano,Classical,Contemporary",Contact,/albumcovers/Contact.webp
Wals met Briljanten IV. Allegro Vivace 'Fraise Sauvage',Van Nueten,,,2018,,Sony Classical,,https://open.spotify.com/track/402pR1gsmxJeYax3PeR81a?si=f4e532a675c9413b,https://youtu.be/cwieQWVHbdw,/audio/Wals met Briljanten IV. Allegro Vivace 'Fraise Sauvage'.mp3,"Piano,Classical,Contemporary",Contact,/albumcovers/Contact.webp
Waves The Mermaid,Van Nueten,musical theatre,Solitary Confinement,2013,,,,,,/audio/Waves The Mermaid.mp3,"Electronic,Stage,Minimal",,
We're Seeing Him Home,Van Nueten,feature film,Milo,2015,,Bolli Records,,https://open.spotify.com/album/1Vg5cBNN2v9HX4tqOscQPe,,/audio/We're Seeing Him Home.mp3,"Piano,Solo,Film,Contemporary",Music for a Small Orchestra,/albumcovers/Music for a Small Orchestra.webp
When Fever Hits,Vanderhaeghen-Van Nueten,,,1995,The Sands,Megadisc/MCA,,https://open.spotify.com/album/3rTmrfPsQhsAroP66BYpdY,,/audio/When Fever Hits 1.mp3,"Pop,Song",The Sands,/albumcovers/The Sands.webp
When Fever Hits,Vanderhaeghen-Van Nueten,,,1995,The Sands,Megadisc/MCA,,https://open.spotify.com/album/3rTmrfPsQhsAroP66BYpdY,,/audio/When Fever Hits 2.mp3,"Pop,Song",The Sands,/albumcovers/The Sands.webp
Who am I?,Verhelst-Van Nueten,feature film,Night Has Come,2017,Johan Leysen & Guy Van Nueten,,,,,/audio/Who Am I.mp3,"Electronic,Pop,Film",,/albumcovers/NIGHT HAS COME(EP-cover) copy.jpg
Wiegelied,Van Nueten,musical,Het Takkenkind,2010,Guy Van Nueten,,,,,/audio/Wiegelied.mp3,Piano,,
Wilde Take,Van Nueten,musical theatre,Maria Magdalena,2008,,,,,,/audio/Wilde Take.mp3,"Electronic,Stage,Minimal",,
Zij,Van Nueten,film,Jaguar,2003,,,,,,/audio/Zij 1.mp3,"Minimal,Pop,Film",,
Zomerstranden,Dendooven-Van Nueten,musical,Soepkinders,2005,"Charlotte Vandermeersch, Koen Van Impe & The Soup Group",,,,,/audio/Zomerstranden.mp3,"Pop,Song",,
